id,name,description,price,brand,rating,category
1,Shoes Sm. Male,Lorem ipsum dolor sit amet consectetur adipiscing elit. Vivamus dictum nunc nisl sit amet porttitor est convallis non. Ut commodo rutrum lacus non congue. Nullam sodales sed mi quis consectetur. Phasellus euismod mi ornare pellentesque congue. Phasellus scelerisque nisl ut venenatis facilisis. Sed ut euismod odio. Phasellus vitae eros eget augue tempus blandit in lobortis lacus.,30,Tyke,4,Child Male
2,Baby Bib,Lorem ipsum dolor sit amet consectetur adipiscing elit. Vivamus dictum nunc nisl sit amet porttitor est convallis non. Ut commodo rutrum lacus non congue. Nullam sodales sed mi quis consectetur. Phasellus euismod mi ornare pellentesque congue. Phasellus scelerisque nisl ut venenatis facilisis. Sed ut euismod odio. Phasellus vitae eros eget augue tempus blandit in lobortis lacus.,20,Tyke,3,Child Male
3,Toddler Truckin T Shirt,Lorem ipsum dolor sit amet consectetur adipiscing elit. Vivamus dictum nunc nisl sit amet porttitor est convallis non. Ut commodo rutrum lacus non congue. Nullam sodales sed mi quis consectetur. Phasellus euismod mi ornare pellentesque congue. Phasellus scelerisque nisl ut venenatis facilisis. Sed ut euismod odio. Phasellus vitae eros eget augue tempus blandit in lobortis lacus.,20,Tyke,2,Child Male
4,Baby Crocs,Lorem ipsum dolor sit amet consectetur adipiscing elit. Vivamus dictum nunc nisl sit amet porttitor est convallis non. Ut commodo rutrum lacus non congue. Nullam sodales sed mi quis consectetur. Phasellus euismod mi ornare pellentesque congue. Phasellus scelerisque nisl ut venenatis facilisis. Sed ut euismod odio. Phasellus vitae eros eget augue tempus blandit in lobortis lacus.,22,Tyke,4,Child Male
5,My First Crossfit!,Lorem ipsum dolor sit amet consectetur adipiscing elit. Vivamus dictum nunc nisl sit amet porttitor est convallis non. Ut commodo rutrum lacus non congue. Nullam sodales sed mi quis consectetur. Phasellus euismod mi ornare pellentesque congue. Phasellus scelerisque nisl ut venenatis facilisis. Sed ut euismod odio. Phasellus vitae eros eget augue tempus blandit in lobortis lacus.,25,Tyke,5,Child Male
6,The Baby Perfect Pushup,Lorem ipsum dolor sit amet consectetur adipiscing elit. Vivamus dictum nunc nisl sit amet porttitor est convallis non. Ut commodo rutrum lacus non congue. Nullam sodales sed mi quis consectetur. Phasellus euismod mi ornare pellentesque congue. Phasellus scelerisque nisl ut venenatis facilisis. Sed ut euismod odio. Phasellus vitae eros eget augue tempus blandit in lobortis lacus.,22,Tyke,5,Child Male
7,Trains Tshirt,Lorem ipsum dolor sit amet consectetur adipiscing elit. Vivamus dictum nunc nisl sit amet porttitor est convallis non. Ut commodo rutrum lacus non congue. Nullam sodales sed mi quis consectetur. Phasellus euismod mi ornare pellentesque congue. Phasellus scelerisque nisl ut venenatis facilisis. Sed ut euismod odio. Phasellus vitae eros eget augue tempus blandit in lobortis lacus.,30,Tyke,2,Child Male
8,Trust Fun Baby Shorts,Lorem ipsum dolor sit amet consectetur adipiscing elit. Vivamus dictum nunc nisl sit amet porttitor est convallis non. Ut commodo rutrum lacus non congue. Nullam sodales sed mi quis consectetur. Phasellus euismod mi ornare pellentesque congue. Phasellus scelerisque nisl ut venenatis facilisis. Sed ut euismod odio. Phasellus vitae eros eget augue tempus blandit in lobortis lacus.,22,Tyke,3,Child Male
9,Skechers Kids,Lorem ipsum dolor sit amet consectetur adipiscing elit. Vivamus dictum nunc nisl sit amet porttitor est convallis non. Ut commodo rutrum lacus non congue. Nullam sodales sed mi quis consectetur. Phasellus euismod mi ornare pellentesque congue. Phasellus scelerisque nisl ut venenatis facilisis. Sed ut euismod odio. Phasellus vitae eros eget augue tempus blandit in lobortis lacus.,15,Tyke,2,Child Male
10,Baby Boo Bib,Lorem ipsum dolor sit amet consectetur adipiscing elit. Vivamus dictum nunc nisl sit amet porttitor est convallis non. Ut commodo rutrum lacus non congue. Nullam sodales sed mi quis consectetur. Phasellus euismod mi ornare pellentesque congue. Phasellus scelerisque nisl ut venenatis facilisis. Sed ut euismod odio. Phasellus vitae eros eget augue tempus blandit in lobortis lacus.,10,Baby Boo,1,Child Male
11,Baby Boo Toddler Tshirt,Lorem ipsum dolor sit amet consectetur adipiscing elit. Vivamus dictum nunc nisl sit amet porttitor est convallis non. Ut commodo rutrum lacus non congue. Nullam sodales sed mi quis consectetur. Phasellus euismod mi ornare pellentesque congue. Phasellus scelerisque nisl ut venenatis facilisis. Sed ut euismod odio. Phasellus vitae eros eget augue tempus blandit in lobortis lacus.,9,Baby Boo,2,Child Male
12,Baby Boo Blue Shorts,Lorem ipsum dolor sit amet consectetur adipiscing elit. Vivamus dictum nunc nisl sit amet porttitor est convallis non. Ut commodo rutrum lacus non congue. Nullam sodales sed mi quis consectetur. Phasellus euismod mi ornare pellentesque congue. Phasellus scelerisque nisl ut venenatis facilisis. Sed ut euismod odio. Phasellus vitae eros eget augue tempus blandit in lobortis lacus.,12,Baby Boo,4,Child Male
13,Baby Boo Sandals,Lorem ipsum dolor sit amet consectetur adipiscing elit. Vivamus dictum nunc nisl sit amet porttitor est convallis non. Ut commodo rutrum lacus non congue. Nullam sodales sed mi quis consectetur. Phasellus euismod mi ornare pellentesque congue. Phasellus scelerisque nisl ut venenatis facilisis. Sed ut euismod odio. Phasellus vitae eros eget augue tempus blandit in lobortis lacus.,14,Baby Boo,5,Child Male
14,Banana Cabana Bandana,Lorem ipsum dolor sit amet consectetur adipiscing elit. Vivamus dictum nunc nisl sit amet porttitor est convallis non. Ut commodo rutrum lacus non congue. Nullam sodales sed mi quis consectetur. Phasellus euismod mi ornare pellentesque congue. Phasellus scelerisque nisl ut venenatis facilisis. Sed ut euismod odio. Phasellus vitae eros eget augue tempus blandit in lobortis lacus.,15,Bannana Democracy,4,Child Male
15,Banana Dew Rag,Lorem ipsum dolor sit amet consectetur adipiscing elit. Vivamus dictum nunc nisl sit amet porttitor est convallis non. Ut commodo rutrum lacus non congue. Nullam sodales sed mi quis consectetur. Phasellus euismod mi ornare pellentesque congue. Phasellus scelerisque nisl ut venenatis facilisis. Sed ut euismod odio. Phasellus vitae eros eget augue tempus blandit in lobortis lacus.,50,Bannana Democracy,4,Child Male
16,Shoes Sm. Female,Lorem ipsum dolor sit amet consectetur adipiscing elit. Vivamus dictum nunc nisl sit amet porttitor est convallis non. Ut commodo rutrum lacus non congue. Nullam sodales sed mi quis consectetur. Phasellus euismod mi ornare pellentesque congue. Phasellus scelerisque nisl ut venenatis facilisis. Sed ut euismod odio. Phasellus vitae eros eget augue tempus blandit in lobortis lacus.,10,Tyke,3,Child Female
17,Baby Bib Pink,Lorem ipsum dolor sit amet consectetur adipiscing elit. Vivamus dictum nunc nisl sit amet porttitor est convallis non. Ut commodo rutrum lacus non congue. Nullam sodales sed mi quis consectetur. Phasellus euismod mi ornare pellentesque congue. Phasellus scelerisque nisl ut venenatis facilisis. Sed ut euismod odio. Phasellus vitae eros eget augue tempus blandit in lobortis lacus.,20,Tyke,5,Child Female
18,Toddler Princess T Shirt,Lorem ipsum dolor sit amet consectetur adipiscing elit. Vivamus dictum nunc nisl sit amet porttitor est convallis non. Ut commodo rutrum lacus non congue. Nullam sodales sed mi quis consectetur. Phasellus euismod mi ornare pellentesque congue. Phasellus scelerisque nisl ut venenatis facilisis. Sed ut euismod odio. Phasellus vitae eros eget augue tempus blandit in lobortis lacus.,30,Tyke,3,Child Female
19,Baby Crocs,Lorem ipsum dolor sit amet consectetur adipiscing elit. Vivamus dictum nunc nisl sit amet porttitor est convallis non. Ut commodo rutrum lacus non congue. Nullam sodales sed mi quis consectetur. Phasellus euismod mi ornare pellentesque congue. Phasellus scelerisque nisl ut venenatis facilisis. Sed ut euismod odio. Phasellus vitae eros eget augue tempus blandit in lobortis lacus.,40,Tyke,4,Child Female
20,Pink I Do Girl Pushups! TShirt,Lorem ipsum dolor sit amet consectetur adipiscing elit. Vivamus dictum nunc nisl sit amet porttitor est convallis non. Ut commodo rutrum lacus non congue. Nullam sodales sed mi quis consectetur. Phasellus euismod mi ornare pellentesque congue. Phasellus scelerisque nisl ut venenatis facilisis. Sed ut euismod odio. Phasellus vitae eros eget augue tempus blandit in lobortis lacus.,50,Tyke,2,Child Female
21,Toddler Tiara,Lorem ipsum dolor sit amet consectetur adipiscing elit. Vivamus dictum nunc nisl sit amet porttitor est convallis non. Ut commodo rutrum lacus non congue. Nullam sodales sed mi quis consectetur. Phasellus euismod mi ornare pellentesque congue. Phasellus scelerisque nisl ut venenatis facilisis. Sed ut euismod odio. Phasellus vitae eros eget augue tempus blandit in lobortis lacus.,15,Tyke,3,Child Female
22,Princess and Dragon Tshirt,Lorem ipsum dolor sit amet consectetur adipiscing elit. Vivamus dictum nunc nisl sit amet porttitor est convallis non. Ut commodo rutrum lacus non congue. Nullam sodales sed mi quis consectetur. Phasellus euismod mi ornare pellentesque congue. Phasellus scelerisque nisl ut venenatis facilisis. Sed ut euismod odio. Phasellus vitae eros eget augue tempus blandit in lobortis lacus.,25,Tyke,4,Child Female
23,Khaki Capris (Minions),Lorem ipsum dolor sit amet consectetur adipiscing elit. Vivamus dictum nunc nisl sit amet porttitor est convallis non. Ut commodo rutrum lacus non congue. Nullam sodales sed mi quis consectetur. Phasellus euismod mi ornare pellentesque congue. Phasellus scelerisque nisl ut venenatis facilisis. Sed ut euismod odio. Phasellus vitae eros eget augue tempus blandit in lobortis lacus.,30,Tyke,5,Child Female
24,Skechers Kids (Female),Lorem ipsum dolor sit amet consectetur adipiscing elit. Vivamus dictum nunc nisl sit amet porttitor est convallis non. Ut commodo rutrum lacus non congue. Nullam sodales sed mi quis consectetur. Phasellus euismod mi ornare pellentesque congue. Phasellus scelerisque nisl ut venenatis facilisis. Sed ut euismod odio. Phasellus vitae eros eget augue tempus blandit in lobortis lacus.,35,Tyke,4,Child Female
25,Baby Boo Bib Pink,Lorem ipsum dolor sit amet consectetur adipiscing elit. Vivamus dictum nunc nisl sit amet porttitor est convallis non. Ut commodo rutrum lacus non congue. Nullam sodales sed mi quis consectetur. Phasellus euismod mi ornare pellentesque congue. Phasellus scelerisque nisl ut venenatis facilisis. Sed ut euismod odio. Phasellus vitae eros eget augue tempus blandit in lobortis lacus.,45,Baby Boo,3,Child Female
26,Baby Boo Toddler Tshirt Princess,Lorem ipsum dolor sit amet consectetur adipiscing elit. Vivamus dictum nunc nisl sit amet porttitor est convallis non. Ut commodo rutrum lacus non congue. Nullam sodales sed mi quis consectetur. Phasellus euismod mi ornare pellentesque congue. Phasellus scelerisque nisl ut venenatis facilisis. Sed ut euismod odio. Phasellus vitae eros eget augue tempus blandit in lobortis lacus.,55,Baby Boo,2,Child Female
27,Baby Boo Pink Shorts,Lorem ipsum dolor sit amet consectetur adipiscing elit. Vivamus dictum nunc nisl sit amet porttitor est convallis non. Ut commodo rutrum lacus non congue. Nullam sodales sed mi quis consectetur. Phasellus euismod mi ornare pellentesque congue. Phasellus scelerisque nisl ut venenatis facilisis. Sed ut euismod odio. Phasellus vitae eros eget augue tempus blandit in lobortis lacus.,57,Baby Boo,4,Child Female
28,Baby Boo Sandals Bling Pink,Lorem ipsum dolor sit amet consectetur adipiscing elit. Vivamus dictum nunc nisl sit amet porttitor est convallis non. Ut commodo rutrum lacus non congue. Nullam sodales sed mi quis consectetur. Phasellus euismod mi ornare pellentesque congue. Phasellus scelerisque nisl ut venenatis facilisis. Sed ut euismod odio. Phasellus vitae eros eget augue tempus blandit in lobortis lacus.,49,Baby Boo,5,Child Female
29,Banana Cabana Bandana Princess,Lorem ipsum dolor sit amet consectetur adipiscing elit. Vivamus dictum nunc nisl sit amet porttitor est convallis non. Ut commodo rutrum lacus non congue. Nullam sodales sed mi quis consectetur. Phasellus euismod mi ornare pellentesque congue. Phasellus scelerisque nisl ut venenatis facilisis. Sed ut euismod odio. Phasellus vitae eros eget augue tempus blandit in lobortis lacus.,29,Banana Democracy,5,Child Female
30,Banana Dew Rag Elsa,Lorem ipsum dolor sit amet consectetur adipiscing elit. Vivamus dictum nunc nisl sit amet porttitor est convallis non. Ut commodo rutrum lacus non congue. Nullam sodales sed mi quis consectetur. Phasellus euismod mi ornare pellentesque congue. Phasellus scelerisque nisl ut venenatis facilisis. Sed ut euismod odio. Phasellus vitae eros eget augue tempus blandit in lobortis lacus.,30,Banana Democracy,2,Child Female
31,Banana Khaki Jacket,Lorem ipsum dolor sit amet consectetur adipiscing elit. Vivamus dictum nunc nisl sit amet porttitor est convallis non. Ut commodo rutrum lacus non congue. Nullam sodales sed mi quis consectetur. Phasellus euismod mi ornare pellentesque congue. Phasellus scelerisque nisl ut venenatis facilisis. Sed ut euismod odio. Phasellus vitae eros eget augue tempus blandit in lobortis lacus.,10,Banana Democracy,3,Juvenile Male
32,Jean Shorts,Lorem ipsum dolor sit amet consectetur adipiscing elit. Vivamus dictum nunc nisl sit amet porttitor est convallis non. Ut commodo rutrum lacus non congue. Nullam sodales sed mi quis consectetur. Phasellus euismod mi ornare pellentesque congue. Phasellus scelerisque nisl ut venenatis facilisis. Sed ut euismod odio. Phasellus vitae eros eget augue tempus blandit in lobortis lacus.,20,Banana Democracy,2,Juvenile Male
33,Soy Sauce Tshirt,Lorem ipsum dolor sit amet consectetur adipiscing elit. Vivamus dictum nunc nisl sit amet porttitor est convallis non. Ut commodo rutrum lacus non congue. Nullam sodales sed mi quis consectetur. Phasellus euismod mi ornare pellentesque congue. Phasellus scelerisque nisl ut venenatis facilisis. Sed ut euismod odio. Phasellus vitae eros eget augue tempus blandit in lobortis lacus.,30,Banana Democracy,1,Juvenile Male
34,Candy Tshirt,Lorem ipsum dolor sit amet consectetur adipiscing elit. Vivamus dictum nunc nisl sit amet porttitor est convallis non. Ut commodo rutrum lacus non congue. Nullam sodales sed mi quis consectetur. Phasellus euismod mi ornare pellentesque congue. Phasellus scelerisque nisl ut venenatis facilisis. Sed ut euismod odio. Phasellus vitae eros eget augue tempus blandit in lobortis lacus.,40,Banana Democracy,2,Juvenile Male
35,Banana Democracy Canvas Jacket,Lorem ipsum dolor sit amet consectetur adipiscing elit. Vivamus dictum nunc nisl sit amet porttitor est convallis non. Ut commodo rutrum lacus non congue. Nullam sodales sed mi quis consectetur. Phasellus euismod mi ornare pellentesque congue. Phasellus scelerisque nisl ut venenatis facilisis. Sed ut euismod odio. Phasellus vitae eros eget augue tempus blandit in lobortis lacus.,50,Banana Democracy,4,Juvenile Male
36,Rip Off Leather Pants,Lorem ipsum dolor sit amet consectetur adipiscing elit. Vivamus dictum nunc nisl sit amet porttitor est convallis non. Ut commodo rutrum lacus non congue. Nullam sodales sed mi quis consectetur. Phasellus euismod mi ornare pellentesque congue. Phasellus scelerisque nisl ut venenatis facilisis. Sed ut euismod odio. Phasellus vitae eros eget augue tempus blandit in lobortis lacus.,60,Rough Rider,5,Juvenile Male
37,Heavy Duty Denim Jeans,Lorem ipsum dolor sit amet consectetur adipiscing elit. Vivamus dictum nunc nisl sit amet porttitor est convallis non. Ut commodo rutrum lacus non congue. Nullam sodales sed mi quis consectetur. Phasellus euismod mi ornare pellentesque congue. Phasellus scelerisque nisl ut venenatis facilisis. Sed ut euismod odio. Phasellus vitae eros eget augue tempus blandit in lobortis lacus.,15,Rough Rider,4,Juvenile Male
38,Work Jacket Heavy Denim Sm.,Lorem ipsum dolor sit amet consectetur adipiscing elit. Vivamus dictum nunc nisl sit amet porttitor est convallis non. Ut commodo rutrum lacus non congue. Nullam sodales sed mi quis consectetur. Phasellus euismod mi ornare pellentesque congue. Phasellus scelerisque nisl ut venenatis facilisis. Sed ut euismod odio. Phasellus vitae eros eget augue tempus blandit in lobortis lacus.,25,Rough Rider,4,Juvenile Male
39,Heavy Work Boots (Rubber To),Lorem ipsum dolor sit amet consectetur adipiscing elit. Vivamus dictum nunc nisl sit amet porttitor est convallis non. Ut commodo rutrum lacus non congue. Nullam sodales sed mi quis consectetur. Phasellus euismod mi ornare pellentesque congue. Phasellus scelerisque nisl ut venenatis facilisis. Sed ut euismod odio. Phasellus vitae eros eget augue tempus blandit in lobortis lacus.,35,Rough Rider,3,Juvenile Male
40,Heavy Duty Denim Jean Shorts,Lorem ipsum dolor sit amet consectetur adipiscing elit. Vivamus dictum nunc nisl sit amet porttitor est convallis non. Ut commodo rutrum lacus non congue. Nullam sodales sed mi quis consectetur. Phasellus euismod mi ornare pellentesque congue. Phasellus scelerisque nisl ut venenatis facilisis. Sed ut euismod odio. Phasellus vitae eros eget augue tempus blandit in lobortis lacus.,45,Rough Rider,5,Juvenile Male
41,Heavy Duty Denim Beanie,Lorem ipsum dolor sit amet consectetur adipiscing elit. Vivamus dictum nunc nisl sit amet porttitor est convallis non. Ut commodo rutrum lacus non congue. Nullam sodales sed mi quis consectetur. Phasellus euismod mi ornare pellentesque congue. Phasellus scelerisque nisl ut venenatis facilisis. Sed ut euismod odio. Phasellus vitae eros eget augue tempus blandit in lobortis lacus.,55,Rough Rider,3,Juvenile Male
42,Sun Records Tshirt,Lorem ipsum dolor sit amet consectetur adipiscing elit. Vivamus dictum nunc nisl sit amet porttitor est convallis non. Ut commodo rutrum lacus non congue. Nullam sodales sed mi quis consectetur. Phasellus euismod mi ornare pellentesque congue. Phasellus scelerisque nisl ut venenatis facilisis. Sed ut euismod odio. Phasellus vitae eros eget augue tempus blandit in lobortis lacus.,65,Carter Clothing,4,Juvenile Male
43,Kikkoman Tshirt,Lorem ipsum dolor sit amet consectetur adipiscing elit. Vivamus dictum nunc nisl sit amet porttitor est convallis non. Ut commodo rutrum lacus non congue. Nullam sodales sed mi quis consectetur. Phasellus euismod mi ornare pellentesque congue. Phasellus scelerisque nisl ut venenatis facilisis. Sed ut euismod odio. Phasellus vitae eros eget augue tempus blandit in lobortis lacus.,75,Carter Clothing,2,Juvenile Male
44,Black Med. Length Shorts,Lorem ipsum dolor sit amet consectetur adipiscing elit. Vivamus dictum nunc nisl sit amet porttitor est convallis non. Ut commodo rutrum lacus non congue. Nullam sodales sed mi quis consectetur. Phasellus euismod mi ornare pellentesque congue. Phasellus scelerisque nisl ut venenatis facilisis. Sed ut euismod odio. Phasellus vitae eros eget augue tempus blandit in lobortis lacus.,27,Carter Clothing,3,Juvenile Male
45,Black Long Sleeve Shirt,Lorem ipsum dolor sit amet consectetur adipiscing elit. Vivamus dictum nunc nisl sit amet porttitor est convallis non. Ut commodo rutrum lacus non congue. Nullam sodales sed mi quis consectetur. Phasellus euismod mi ornare pellentesque congue. Phasellus scelerisque nisl ut venenatis facilisis. Sed ut euismod odio. Phasellus vitae eros eget augue tempus blandit in lobortis lacus.,37,Carter Clothing,4,Juvenile Male
46,Hipster Halter,Lorem ipsum dolor sit amet consectetur adipiscing elit. Vivamus dictum nunc nisl sit amet porttitor est convallis non. Ut commodo rutrum lacus non congue. Nullam sodales sed mi quis consectetur. Phasellus euismod mi ornare pellentesque congue. Phasellus scelerisque nisl ut venenatis facilisis. Sed ut euismod odio. Phasellus vitae eros eget augue tempus blandit in lobortis lacus.,10,Banana Democracy,4,Juvenile Female
47,Skit Skat Skirt,Lorem ipsum dolor sit amet consectetur adipiscing elit. Vivamus dictum nunc nisl sit amet porttitor est convallis non. Ut commodo rutrum lacus non congue. Nullam sodales sed mi quis consectetur. Phasellus euismod mi ornare pellentesque congue. Phasellus scelerisque nisl ut venenatis facilisis. Sed ut euismod odio. Phasellus vitae eros eget augue tempus blandit in lobortis lacus.,20,Banana Democracy,3,Juvenile Female
48,Dramatic Dress,Lorem ipsum dolor sit amet consectetur adipiscing elit. Vivamus dictum nunc nisl sit amet porttitor est convallis non. Ut commodo rutrum lacus non congue. Nullam sodales sed mi quis consectetur. Phasellus euismod mi ornare pellentesque congue. Phasellus scelerisque nisl ut venenatis facilisis. Sed ut euismod odio. Phasellus vitae eros eget augue tempus blandit in lobortis lacus.,30,Banana Democracy,2,Juvenile Female
49,Juvenile Jumper,Lorem ipsum dolor sit amet consectetur adipiscing elit. Vivamus dictum nunc nisl sit amet porttitor est convallis non. Ut commodo rutrum lacus non congue. Nullam sodales sed mi quis consectetur. Phasellus euismod mi ornare pellentesque congue. Phasellus scelerisque nisl ut venenatis facilisis. Sed ut euismod odio. Phasellus vitae eros eget augue tempus blandit in lobortis lacus.,40,Banana Democracy,4,Juvenile Female
50,Pillow Party PJs,Lorem ipsum dolor sit amet consectetur adipiscing elit. Vivamus dictum nunc nisl sit amet porttitor est convallis non. Ut commodo rutrum lacus non congue. Nullam sodales sed mi quis consectetur. Phasellus euismod mi ornare pellentesque congue. Phasellus scelerisque nisl ut venenatis facilisis. Sed ut euismod odio. Phasellus vitae eros eget augue tempus blandit in lobortis lacus.,50,Banana Democracy,5,Juvenile Female
51,Chemise,Lorem ipsum dolor sit amet consectetur adipiscing elit. Vivamus dictum nunc nisl sit amet porttitor est convallis non. Ut commodo rutrum lacus non congue. Nullam sodales sed mi quis consectetur. Phasellus euismod mi ornare pellentesque congue. Phasellus scelerisque nisl ut venenatis facilisis. Sed ut euismod odio. Phasellus vitae eros eget augue tempus blandit in lobortis lacus.,60,Rough Rider,5,Juvenile Female
52,Coolats,Lorem ipsum dolor sit amet consectetur adipiscing elit. Vivamus dictum nunc nisl sit amet porttitor est convallis non. Ut commodo rutrum lacus non congue. Nullam sodales sed mi quis consectetur. Phasellus euismod mi ornare pellentesque congue. Phasellus scelerisque nisl ut venenatis facilisis. Sed ut euismod odio. Phasellus vitae eros eget augue tempus blandit in lobortis lacus.,70,Rough Rider,2,Juvenile Female
53,Monday Scarf,Lorem ipsum dolor sit amet consectetur adipiscing elit. Vivamus dictum nunc nisl sit amet porttitor est convallis non. Ut commodo rutrum lacus non congue. Nullam sodales sed mi quis consectetur. Phasellus euismod mi ornare pellentesque congue. Phasellus scelerisque nisl ut venenatis facilisis. Sed ut euismod odio. Phasellus vitae eros eget augue tempus blandit in lobortis lacus.,15,Rough Rider,3,Juvenile Female
54,Tuesday Scarf,Lorem ipsum dolor sit amet consectetur adipiscing elit. Vivamus dictum nunc nisl sit amet porttitor est convallis non. Ut commodo rutrum lacus non congue. Nullam sodales sed mi quis consectetur. Phasellus euismod mi ornare pellentesque congue. Phasellus scelerisque nisl ut venenatis facilisis. Sed ut euismod odio. Phasellus vitae eros eget augue tempus blandit in lobortis lacus.,25,Rough Rider,2,Juvenile Female
55,Wednesday Scarf,Lorem ipsum dolor sit amet consectetur adipiscing elit. Vivamus dictum nunc nisl sit amet porttitor est convallis non. Ut commodo rutrum lacus non congue. Nullam sodales sed mi quis consectetur. Phasellus euismod mi ornare pellentesque congue. Phasellus scelerisque nisl ut venenatis facilisis. Sed ut euismod odio. Phasellus vitae eros eget augue tempus blandit in lobortis lacus.,35,Rough Rider,1,Juvenile Female
56,Thursday Scarf,Lorem ipsum dolor sit amet consectetur adipiscing elit. Vivamus dictum nunc nisl sit amet porttitor est convallis non. Ut commodo rutrum lacus non congue. Nullam sodales sed mi quis consectetur. Phasellus euismod mi ornare pellentesque congue. Phasellus scelerisque nisl ut venenatis facilisis. Sed ut euismod odio. Phasellus vitae eros eget augue tempus blandit in lobortis lacus.,46,Rough Rider,2,Juvenile Female
57,Friday Scarf,Lorem ipsum dolor sit amet consectetur adipiscing elit. Vivamus dictum nunc nisl sit amet porttitor est convallis non. Ut commodo rutrum lacus non congue. Nullam sodales sed mi quis consectetur. Phasellus euismod mi ornare pellentesque congue. Phasellus scelerisque nisl ut venenatis facilisis. Sed ut euismod odio. Phasellus vitae eros eget augue tempus blandit in lobortis lacus.,57,Carter Clothing,4,Juvenile Female
58,Formal Scarf,Lorem ipsum dolor sit amet consectetur adipiscing elit. Vivamus dictum nunc nisl sit amet porttitor est convallis non. Ut commodo rutrum lacus non congue. Nullam sodales sed mi quis consectetur. Phasellus euismod mi ornare pellentesque congue. Phasellus scelerisque nisl ut venenatis facilisis. Sed ut euismod odio. Phasellus vitae eros eget augue tempus blandit in lobortis lacus.,63,Carter Clothing,5,Juvenile Female
59,Everyday Scarf,Lorem ipsum dolor sit amet consectetur adipiscing elit. Vivamus dictum nunc nisl sit amet porttitor est convallis non. Ut commodo rutrum lacus non congue. Nullam sodales sed mi quis consectetur. Phasellus euismod mi ornare pellentesque congue. Phasellus scelerisque nisl ut venenatis facilisis. Sed ut euismod odio. Phasellus vitae eros eget augue tempus blandit in lobortis lacus.,60,Carter Clothing,4,Juvenile Female
60,Around the house Scarf,Lorem ipsum dolor sit amet consectetur adipiscing elit. Vivamus dictum nunc nisl sit amet porttitor est convallis non. Ut commodo rutrum lacus non congue. Nullam sodales sed mi quis consectetur. Phasellus euismod mi ornare pellentesque congue. Phasellus scelerisque nisl ut venenatis facilisis. Sed ut euismod odio. Phasellus vitae eros eget augue tempus blandit in lobortis lacus.,20,Carter Clothing,4,Juvenile Female
61,Bed Time Scarf,Lorem ipsum dolor sit amet consectetur adipiscing elit. Vivamus dictum nunc nisl sit amet porttitor est convallis non. Ut commodo rutrum lacus non congue. Nullam sodales sed mi quis consectetur. Phasellus euismod mi ornare pellentesque congue. Phasellus scelerisque nisl ut venenatis facilisis. Sed ut euismod odio. Phasellus vitae eros eget augue tempus blandit in lobortis lacus.,13,Carter Clothing,3,Juvenile Female
62,Leggings,Lorem ipsum dolor sit amet consectetur adipiscing elit. Vivamus dictum nunc nisl sit amet porttitor est convallis non. Ut commodo rutrum lacus non congue. Nullam sodales sed mi quis consectetur. Phasellus euismod mi ornare pellentesque congue. Phasellus scelerisque nisl ut venenatis facilisis. Sed ut euismod odio. Phasellus vitae eros eget augue tempus blandit in lobortis lacus.,20,Carter Clothing,5,Juvenile Female
63,Jeggings,Lorem ipsum dolor sit amet consectetur adipiscing elit. Vivamus dictum nunc nisl sit amet porttitor est convallis non. Ut commodo rutrum lacus non congue. Nullam sodales sed mi quis consectetur. Phasellus euismod mi ornare pellentesque congue. Phasellus scelerisque nisl ut venenatis facilisis. Sed ut euismod odio. Phasellus vitae eros eget augue tempus blandit in lobortis lacus.,20,Carter Clothing,3,Juvenile Female
64,Ugg Warmers,Lorem ipsum dolor sit amet consectetur adipiscing elit. Vivamus dictum nunc nisl sit amet porttitor est convallis non. Ut commodo rutrum lacus non congue. Nullam sodales sed mi quis consectetur. Phasellus euismod mi ornare pellentesque congue. Phasellus scelerisque nisl ut venenatis facilisis. Sed ut euismod odio. Phasellus vitae eros eget augue tempus blandit in lobortis lacus.,30,Carter Clothing,4,Juvenile Female
65,Extra Long Sweaters,Lorem ipsum dolor sit amet consectetur adipiscing elit. Vivamus dictum nunc nisl sit amet porttitor est convallis non. Ut commodo rutrum lacus non congue. Nullam sodales sed mi quis consectetur. Phasellus euismod mi ornare pellentesque congue. Phasellus scelerisque nisl ut venenatis facilisis. Sed ut euismod odio. Phasellus vitae eros eget augue tempus blandit in lobortis lacus.,15.75,Carter Clothing,2,Juvenile Female
66,Red Flannel,Lorem ipsum dolor sit amet consectetur adipiscing elit. Vivamus dictum nunc nisl sit amet porttitor est convallis non. Ut commodo rutrum lacus non congue. Nullam sodales sed mi quis consectetur. Phasellus euismod mi ornare pellentesque congue. Phasellus scelerisque nisl ut venenatis facilisis. Sed ut euismod odio. Phasellus vitae eros eget augue tempus blandit in lobortis lacus.,30,Carter Clothing,3,Adult Male
67,Green Flannel,Lorem ipsum dolor sit amet consectetur adipiscing elit. Vivamus dictum nunc nisl sit amet porttitor est convallis non. Ut commodo rutrum lacus non congue. Nullam sodales sed mi quis consectetur. Phasellus euismod mi ornare pellentesque congue. Phasellus scelerisque nisl ut venenatis facilisis. Sed ut euismod odio. Phasellus vitae eros eget augue tempus blandit in lobortis lacus.,40,Carter Clothing,4,Adult Male
68,Rainbow Flannel,Lorem ipsum dolor sit amet consectetur adipiscing elit. Vivamus dictum nunc nisl sit amet porttitor est convallis non. Ut commodo rutrum lacus non congue. Nullam sodales sed mi quis consectetur. Phasellus euismod mi ornare pellentesque congue. Phasellus scelerisque nisl ut venenatis facilisis. Sed ut euismod odio. Phasellus vitae eros eget augue tempus blandit in lobortis lacus.,60,Carter Clothing,4,Adult Male
69,Utility Shemagh,Lorem ipsum dolor sit amet consectetur adipiscing elit. Vivamus dictum nunc nisl sit amet porttitor est convallis non. Ut commodo rutrum lacus non congue. Nullam sodales sed mi quis consectetur. Phasellus euismod mi ornare pellentesque congue. Phasellus scelerisque nisl ut venenatis facilisis. Sed ut euismod odio. Phasellus vitae eros eget augue tempus blandit in lobortis lacus.,50,Levi Mouse,3,Adult Male
70,FTW Trucker Hat,Lorem ipsum dolor sit amet consectetur adipiscing elit. Vivamus dictum nunc nisl sit amet porttitor est convallis non. Ut commodo rutrum lacus non congue. Nullam sodales sed mi quis consectetur. Phasellus euismod mi ornare pellentesque congue. Phasellus scelerisque nisl ut venenatis facilisis. Sed ut euismod odio. Phasellus vitae eros eget augue tempus blandit in lobortis lacus.,102,Levi Mouse,2,Adult Male
71,Free Tibet Trucker Hat,Lorem ipsum dolor sit amet consectetur adipiscing elit. Vivamus dictum nunc nisl sit amet porttitor est convallis non. Ut commodo rutrum lacus non congue. Nullam sodales sed mi quis consectetur. Phasellus euismod mi ornare pellentesque congue. Phasellus scelerisque nisl ut venenatis facilisis. Sed ut euismod odio. Phasellus vitae eros eget augue tempus blandit in lobortis lacus.,20,Levi Mouse,4,Adult Male
72,PBR Can Slippers,Lorem ipsum dolor sit amet consectetur adipiscing elit. Vivamus dictum nunc nisl sit amet porttitor est convallis non. Ut commodo rutrum lacus non congue. Nullam sodales sed mi quis consectetur. Phasellus euismod mi ornare pellentesque congue. Phasellus scelerisque nisl ut venenatis facilisis. Sed ut euismod odio. Phasellus vitae eros eget augue tempus blandit in lobortis lacus.,30,Levi Mouse,5,Adult Male
73,Lightly Used Jeans,Lorem ipsum dolor sit amet consectetur adipiscing elit. Vivamus dictum nunc nisl sit amet porttitor est convallis non. Ut commodo rutrum lacus non congue. Nullam sodales sed mi quis consectetur. Phasellus euismod mi ornare pellentesque congue. Phasellus scelerisque nisl ut venenatis facilisis. Sed ut euismod odio. Phasellus vitae eros eget augue tempus blandit in lobortis lacus.,30,Strauss Frock,5,Adult Male
74,Never Take them off Jeans,Lorem ipsum dolor sit amet consectetur adipiscing elit. Vivamus dictum nunc nisl sit amet porttitor est convallis non. Ut commodo rutrum lacus non congue. Nullam sodales sed mi quis consectetur. Phasellus euismod mi ornare pellentesque congue. Phasellus scelerisque nisl ut venenatis facilisis. Sed ut euismod odio. Phasellus vitae eros eget augue tempus blandit in lobortis lacus.,50,Strauss Frock,2,Adult Male
75,Girlfriend Jeans,Lorem ipsum dolor sit amet consectetur adipiscing elit. Vivamus dictum nunc nisl sit amet porttitor est convallis non. Ut commodo rutrum lacus non congue. Nullam sodales sed mi quis consectetur. Phasellus euismod mi ornare pellentesque congue. Phasellus scelerisque nisl ut venenatis facilisis. Sed ut euismod odio. Phasellus vitae eros eget augue tempus blandit in lobortis lacus.,50,Strauss Frock,3,Adult Male
76,Rockstar Jeans,Lorem ipsum dolor sit amet consectetur adipiscing elit. Vivamus dictum nunc nisl sit amet porttitor est convallis non. Ut commodo rutrum lacus non congue. Nullam sodales sed mi quis consectetur. Phasellus euismod mi ornare pellentesque congue. Phasellus scelerisque nisl ut venenatis facilisis. Sed ut euismod odio. Phasellus vitae eros eget augue tempus blandit in lobortis lacus.,50,Strauss Frock,2,Adult Male
77,Jeggings for men,Lorem ipsum dolor sit amet consectetur adipiscing elit. Vivamus dictum nunc nisl sit amet porttitor est convallis non. Ut commodo rutrum lacus non congue. Nullam sodales sed mi quis consectetur. Phasellus euismod mi ornare pellentesque congue. Phasellus scelerisque nisl ut venenatis facilisis. Sed ut euismod odio. Phasellus vitae eros eget augue tempus blandit in lobortis lacus.,20,Strauss Frock,1,Adult Male
78,Ugg workboots,Lorem ipsum dolor sit amet consectetur adipiscing elit. Vivamus dictum nunc nisl sit amet porttitor est convallis non. Ut commodo rutrum lacus non congue. Nullam sodales sed mi quis consectetur. Phasellus euismod mi ornare pellentesque congue. Phasellus scelerisque nisl ut venenatis facilisis. Sed ut euismod odio. Phasellus vitae eros eget augue tempus blandit in lobortis lacus.,21,Mouse Something,2,Adult Male
79,Sketchy Hoody,Lorem ipsum dolor sit amet consectetur adipiscing elit. Vivamus dictum nunc nisl sit amet porttitor est convallis non. Ut commodo rutrum lacus non congue. Nullam sodales sed mi quis consectetur. Phasellus euismod mi ornare pellentesque congue. Phasellus scelerisque nisl ut venenatis facilisis. Sed ut euismod odio. Phasellus vitae eros eget augue tempus blandit in lobortis lacus.,202,Mouse Something,4,Adult Male
80,Surfer Hoody,Lorem ipsum dolor sit amet consectetur adipiscing elit. Vivamus dictum nunc nisl sit amet porttitor est convallis non. Ut commodo rutrum lacus non congue. Nullam sodales sed mi quis consectetur. Phasellus euismod mi ornare pellentesque congue. Phasellus scelerisque nisl ut venenatis facilisis. Sed ut euismod odio. Phasellus vitae eros eget augue tempus blandit in lobortis lacus.,10,Mouse Something,5,Adult Male
81,Boyfriend shirt,Lorem ipsum dolor sit amet consectetur adipiscing elit. Vivamus dictum nunc nisl sit amet porttitor est convallis non. Ut commodo rutrum lacus non congue. Nullam sodales sed mi quis consectetur. Phasellus euismod mi ornare pellentesque congue. Phasellus scelerisque nisl ut venenatis facilisis. Sed ut euismod odio. Phasellus vitae eros eget augue tempus blandit in lobortis lacus.,30,Carter Clothing,4,Adult Female
82,moth eaten tshirt,Lorem ipsum dolor sit amet consectetur adipiscing elit. Vivamus dictum nunc nisl sit amet porttitor est convallis non. Ut commodo rutrum lacus non congue. Nullam sodales sed mi quis consectetur. Phasellus euismod mi ornare pellentesque congue. Phasellus scelerisque nisl ut venenatis facilisis. Sed ut euismod odio. Phasellus vitae eros eget augue tempus blandit in lobortis lacus.,40,Carter Clothing,4,Adult Female
83,formal tank top,Lorem ipsum dolor sit amet consectetur adipiscing elit. Vivamus dictum nunc nisl sit amet porttitor est convallis non. Ut commodo rutrum lacus non congue. Nullam sodales sed mi quis consectetur. Phasellus euismod mi ornare pellentesque congue. Phasellus scelerisque nisl ut venenatis facilisis. Sed ut euismod odio. Phasellus vitae eros eget augue tempus blandit in lobortis lacus.,50,Carter Clothing,3,Adult Female
84,floor length curtain skirt,Lorem ipsum dolor sit amet consectetur adipiscing elit. Vivamus dictum nunc nisl sit amet porttitor est convallis non. Ut commodo rutrum lacus non congue. Nullam sodales sed mi quis consectetur. Phasellus euismod mi ornare pellentesque congue. Phasellus scelerisque nisl ut venenatis facilisis. Sed ut euismod odio. Phasellus vitae eros eget augue tempus blandit in lobortis lacus.,102,Levi Mouse,5,Adult Female
85,steam punk goggles,Lorem ipsum dolor sit amet consectetur adipiscing elit. Vivamus dictum nunc nisl sit amet porttitor est convallis non. Ut commodo rutrum lacus non congue. Nullam sodales sed mi quis consectetur. Phasellus euismod mi ornare pellentesque congue. Phasellus scelerisque nisl ut venenatis facilisis. Sed ut euismod odio. Phasellus vitae eros eget augue tempus blandit in lobortis lacus.,40,Levi Mouse,3,Adult Female
86,cannot even socks,Lorem ipsum dolor sit amet consectetur adipiscing elit. Vivamus dictum nunc nisl sit amet porttitor est convallis non. Ut commodo rutrum lacus non congue. Nullam sodales sed mi quis consectetur. Phasellus euismod mi ornare pellentesque congue. Phasellus scelerisque nisl ut venenatis facilisis. Sed ut euismod odio. Phasellus vitae eros eget augue tempus blandit in lobortis lacus.,102,Levi Mouse,4,Adult Female
87,afghan shawl,Lorem ipsum dolor sit amet consectetur adipiscing elit. Vivamus dictum nunc nisl sit amet porttitor est convallis non. Ut commodo rutrum lacus non congue. Nullam sodales sed mi quis consectetur. Phasellus euismod mi ornare pellentesque congue. Phasellus scelerisque nisl ut venenatis facilisis. Sed ut euismod odio. Phasellus vitae eros eget augue tempus blandit in lobortis lacus.,102,Levi Mouse,2,Adult Female
88,4 inch stiletto uggs,Lorem ipsum dolor sit amet consectetur adipiscing elit. Vivamus dictum nunc nisl sit amet porttitor est convallis non. Ut commodo rutrum lacus non congue. Nullam sodales sed mi quis consectetur. Phasellus euismod mi ornare pellentesque congue. Phasellus scelerisque nisl ut venenatis facilisis. Sed ut euismod odio. Phasellus vitae eros eget augue tempus blandit in lobortis lacus.,20,Strauss Frock,3,Adult Female
89,ugg slippers,Lorem ipsum dolor sit amet consectetur adipiscing elit. Vivamus dictum nunc nisl sit amet porttitor est convallis non. Ut commodo rutrum lacus non congue. Nullam sodales sed mi quis consectetur. Phasellus euismod mi ornare pellentesque congue. Phasellus scelerisque nisl ut venenatis facilisis. Sed ut euismod odio. Phasellus vitae eros eget augue tempus blandit in lobortis lacus.,30,Strauss Frock,4,Adult Female
90,ugg converse low tops,Lorem ipsum dolor sit amet consectetur adipiscing elit. Vivamus dictum nunc nisl sit amet porttitor est convallis non. Ut commodo rutrum lacus non congue. Nullam sodales sed mi quis consectetur. Phasellus euismod mi ornare pellentesque congue. Phasellus scelerisque nisl ut venenatis facilisis. Sed ut euismod odio. Phasellus vitae eros eget augue tempus blandit in lobortis lacus.,30,Strauss Frock,4,Adult Female
91,thigh high socks,Lorem ipsum dolor sit amet consectetur adipiscing elit. Vivamus dictum nunc nisl sit amet porttitor est convallis non. Ut commodo rutrum lacus non congue. Nullam sodales sed mi quis consectetur. Phasellus euismod mi ornare pellentesque congue. Phasellus scelerisque nisl ut venenatis facilisis. Sed ut euismod odio. Phasellus vitae eros eget augue tempus blandit in lobortis lacus.,50,Strauss Frock,3,Adult Female
92,hippy hairband,Lorem ipsum dolor sit amet consectetur adipiscing elit. Vivamus dictum nunc nisl sit amet porttitor est convallis non. Ut commodo rutrum lacus non congue. Nullam sodales sed mi quis consectetur. Phasellus euismod mi ornare pellentesque congue. Phasellus scelerisque nisl ut venenatis facilisis. Sed ut euismod odio. Phasellus vitae eros eget augue tempus blandit in lobortis lacus.,50,Strauss Frock,2,Adult Female
93,vaporizor holster,Lorem ipsum dolor sit amet consectetur adipiscing elit. Vivamus dictum nunc nisl sit amet porttitor est convallis non. Ut commodo rutrum lacus non congue. Nullam sodales sed mi quis consectetur. Phasellus euismod mi ornare pellentesque congue. Phasellus scelerisque nisl ut venenatis facilisis. Sed ut euismod odio. Phasellus vitae eros eget augue tempus blandit in lobortis lacus.,50,Mouse Something,4,Adult Female
94,I love ny ensemble,Lorem ipsum dolor sit amet consectetur adipiscing elit. Vivamus dictum nunc nisl sit amet porttitor est convallis non. Ut commodo rutrum lacus non congue. Nullam sodales sed mi quis consectetur. Phasellus euismod mi ornare pellentesque congue. Phasellus scelerisque nisl ut venenatis facilisis. Sed ut euismod odio. Phasellus vitae eros eget augue tempus blandit in lobortis lacus.,20,Mouse Something,5,Adult Female
95,fashion specs,Lorem ipsum dolor sit amet consectetur adipiscing elit. Vivamus dictum nunc nisl sit amet porttitor est convallis non. Ut commodo rutrum lacus non congue. Nullam sodales sed mi quis consectetur. Phasellus euismod mi ornare pellentesque congue. Phasellus scelerisque nisl ut venenatis facilisis. Sed ut euismod odio. Phasellus vitae eros eget augue tempus blandit in lobortis lacus.,21,Mouse Something,5,Adult Female
96,ugly cat sweater,Lorem ipsum dolor sit amet consectetur adipiscing elit. Vivamus dictum nunc nisl sit amet porttitor est convallis non. Ut commodo rutrum lacus non congue. Nullam sodales sed mi quis consectetur. Phasellus euismod mi ornare pellentesque congue. Phasellus scelerisque nisl ut venenatis facilisis. Sed ut euismod odio. Phasellus vitae eros eget augue tempus blandit in lobortis lacus.,202,Strauss Frock,2,Adult Female
97,requiem for a bow tie,Lorem ipsum dolor sit amet consectetur adipiscing elit. Vivamus dictum nunc nisl sit amet porttitor est convallis non. Ut commodo rutrum lacus non congue. Nullam sodales sed mi quis consectetur. Phasellus euismod mi ornare pellentesque congue. Phasellus scelerisque nisl ut venenatis facilisis. Sed ut euismod odio. Phasellus vitae eros eget augue tempus blandit in lobortis lacus.,10,Strauss Frock,3,Adult Female
98,checkered stalking cap,Lorem ipsum dolor sit amet consectetur adipiscing elit. Vivamus dictum nunc nisl sit amet porttitor est convallis non. Ut commodo rutrum lacus non congue. Nullam sodales sed mi quis consectetur. Phasellus euismod mi ornare pellentesque congue. Phasellus scelerisque nisl ut venenatis facilisis. Sed ut euismod odio. Phasellus vitae eros eget augue tempus blandit in lobortis lacus.,30,Mouse Something,2,Adult Female
99,ironic van gogh sweater,Lorem ipsum dolor sit amet consectetur adipiscing elit. Vivamus dictum nunc nisl sit amet porttitor est convallis non. Ut commodo rutrum lacus non congue. Nullam sodales sed mi quis consectetur. Phasellus euismod mi ornare pellentesque congue. Phasellus scelerisque nisl ut venenatis facilisis. Sed ut euismod odio. Phasellus vitae eros eget augue tempus blandit in lobortis lacus.,40,Mouse Something,1,Adult Female